{"min_x":-1.897934059832392, "max_x":1.6684429007181678, "min_y":-1.8857961578870008, "max_y":1.8473317937623606}